[
    {
      "question": "Quem matou Muichiro Tokito?",
      "answers": [
        "Kokushibou",
        "kokushibou"
      ]
    },
    {
      "question": "Quem quase derrotou Muzan Kibutsuji?",
      "answers": [
        "Yorichii",
        "yorichii"
      ]
    },
    {
      "question": "Quem é o Pilar do Amor?",
      "answers": [
        "Mitsuri Kanroji",
        "mitsuri kanroji"
      ]
    },
    {
      "question": "Quem é o Pilar das Chamas?",
      "answers": [
        "Kyojuro Rengoku",
        "kyojuro rengoku",
        "Rengoku",
        "rengoku"
      ]
    },
    {
      "question": "Quem é o Pilar da Névoa? ",
      "answers": [
        "Muichiro Tokito",
        "muichiro tokito"
      ]
    },
    {
      "question": "Quem é o Pilar da Serpente?",
      "answers": [
        "Obanai Iguro",
        "obanai iguro"
      ]
    },
    {
      "question": "Quem criou a Respiração Lunar?",
      "answers": [
        "Urokodaki",
        "urokodaki"
      ]
    },
    {
      "question": "Existem quantos Luas Inferiores?",
      "answers": [
        "6",
        "seis",
        "Seis"
      ]
    },
    {
      "question": "Existem quantos Luas Superiores?",
      "answers": [
        "6",
        "seis",
        "Seis"
      ]
    },
    {
      "question": "Quantos Luas Superiores e Inferiores existem ao todo?",
      "answers": [
        "12",
        "doze",
        "Doze"
      ]
    },
    {
      "question": "Quem matou a família de Tanjiro Kamado?",
      "answers": [
        "Muzan Kibutsuji",
        "muzan kibutsuji",
        "Muzan",
        "muzan",
        "Michael Jackson",
        "michael jackson"
      ]
    },
    {
      "question": "Qual o nome do filme de Kimetsu no Yaiba?",
      "answers": [
        "Mugen Train",
        "mugen train",
        "The Mugen Train",
        "the mugen train"
      ]
    },
    {
      "question": "Qual o nome da abertura de Kimetsu no Yaiba?",
      "answers": [
        "Gurenge",
        "gurenge"
      ]
    },
    {
      "question": "Qual Lua Inferior Muzan Kibutsuji poupou a vida?",
      "answers": [
        "Enmu",
        "enmu",
        "Lua Inferior 1",
        "lua inferior 1"
      ]
    },
    {
      "question": "Quantos anos tem Muichiro Tokito?",
      "answers": [
        "14",
        "Quartorze",
        "quartorze",
        "Cartorze",
        "cartorze"
      ]
    },
    {
      "question": "Qual o nome do Lua Superior 2?",
      "answers": [
        "Doma",
        "Douma",
        "doma",
        "douma"
      ]
    },
    {
      "question": "Qual o nome do Lua Superior 3?",
      "answers": [
        "Akaza",
        "akaza"
      ]
    },
    {
      "question": "Quantos Hashiras se tem ao todo?",
      "answers": [
        "9",
        "nove",
        "Nove"
      ]
    },
    {
      "question": "Quem foi o primeiro Oni de Kimetsu no Yaiba?",
      "answers": [
        "Muzam",
        "muzam",
        "Muzam Kibutsuji",
        "muzam kibutsuji"
      ]
    },
    {
      "question": "Qual o nome do Lua Inferior 5?",
      "answers": [
        "Rui",
        "rui",
        "Ruy",
        "ruy"
      ]
    },
    {
      "question": "Quem inventou a Décima Primeira forma da Respiração da Água?",
      "answers": [
        "Giyuu Tomioka",
        "Tomioka",
        "Giyu Tomioka"
      ]
    },
    {
      "question": "Quem inventou a Sétima forma da Respiração do Trovão?",
      "answers": [
        "Zenitsu",
        "Zenitsu Agatsuma"
      ]
    },
    {
      "question": "Quem inventou a Respiração da Fera?",
      "answers": [
        "Inosuke"
      ]
    },
    {
      "question": "Quem tem a Dança do Deus do Fogo?",
      "answers": [
        "Tanjiro",
        "Tanjiro Kamado"
      ]
    },
    {
      "question": "No primeiro episódio de Kimetsu no Yaiba uma garota acaba se tornando uma Oni, qual o nome dessa garota?",
      "answers": [
        "Nezuko",
        "Nezuko Kamado"
      ]
    },
    {
      "question": "Quem era o antigo Hashira da Água?",
      "answers": [
        "Urokodaki"
      ]
    },
    {
      "question": "No terceiro episódio de Kimetsu, Tanjiro encontra duas crianças que decidem ajudá-lo a se tornar um Espadachim. Qual o nome dessas duas crianças?",
      "answers": [
        "Sabito e Makomo",
        "Makomo e Sabito"
      ]
    }
]