[
  {
    "question": "Quem foi o quarto hokage?",
    "answers": [
      "Minato",
      "Minato Namikaze",
      "minato"
    ]
  },
  {
    "question": "Quem deu o seu Sharingan ao Itachi?",
    "answers": [
      "Shisui Uchiha",
      "shisui",
      "Shisui",
      "Uchiha Shisui"
    ]
  },
  {
    "question": "Quem deu o seu Sharingan ao Kakashi?",
    "answers": [
      "Obito Uchiha",
      "obito",
      "obito uchiha"
    ]
  },
  {
    "question": "Quais são os dois filhos da Kaguya?",
    "answers": [
      "Haruma e Hagoromo",
      "hagoromo e haruma"
    ]
  },
  {
    "question": "Quem usou o ''Edo Tensei'' na 4º Guerra Ninja?",
    "answers": [
      "Kabuto",
      "kabuto"
    ]
  },
  {
    "question": "Quem criou o Jutsu 'Clones das sombras'?",
    "answers": [
      "Tobirama Senju",
      "Tobirama"
    ]
  },
  {
    "question": "Quem são as duas estátuas do Vale do fim?",
    "answers": [
      "Madara Uchiha & Hashirama Senju",
      "Madara e Hashirama"
    ]
  },
  {
    "question": "Quem foi o Sensei do Kakashi?",
    "answers": [
      "Minato Namikaze",
      "minato"
    ]
  },
  {
    "question": "Qual desses é o melhor usuário de Genjutsu?",
    "answers": [
      "Shisui Uchiha",
      "Shisui"
    ]
  },
  {
    "question": "Quem é o Jinchuuriki da Juubi?",
    "answers": [
      "Naruto",
      "Naruto Uzumaki"
    ]
  },
  {
    "question": "Qual o nome do filho mais velho de Naruto Uzumaki?",
    "answers": [
      "Boruto Uzumaki",
      "Boruto"
    ]
  },
  {
    "question": "Quem é a mãe do Hagoromo?",
    "answers": [
      "Kaguya"
    ]
  },
  {
    "question": "Sarutobi Asuma foi morto por quem na temporada Shippuuden?",
    "answers": [
      "Hidan"
    ]
  },
  {
    "question": "Quem lutou e derrotou o Sasori?",
    "answers": [
      "Sakura e Chiyo-baa",
      "Sakura e chiyo"
    ]
  },
  {
    "question": "Quem foi o primeiro(a) a se tornar Chunin da turma escolar de Naruto?",
    "answers": [
      "shiamaru Nara",
      "shiamaru",
      "shiamaru"
    ]
  },
  {
    "question": "Gaara foi capturado por quais integrantes da Akatsuki?",
    "answers": [
      "Sasori e Deidara"
    ]
  },
  {
    "question": "Qual é o nome da cobra do Orotimaru?",
    "answers": [
      "Manda"
    ]
  },
  {
    "question": "Naruto usa roupas de que cor na temporada Shippuuden?",
    "answers": [
      "Laranja e preto"
    ]
  },
  {
    "question": "Sasuke, em busca de integrantes para seu novo time, decide convidar  pessoas. Quais os nomes dessas pessoas?",
    "answers": [
      "Karin, Juugo e Suigetsu"
    ]
  }
]