[
    {
        "question": "Quem batizou Laftel de Laugh Tale?",
        "answers": [
            "Gold Roger",
            "Gol D. Roger",
            "Rei dos Piratas",
            "gold roger",
            "rei dos piratas"
        ]
    },
    {
        "question": "Qual é o nome da 'Princesa Cobra' de 'Amazon Lily'?",
        "answers": [
            "Boa Hancock",
            "Hancock",
            "hancock",
            "boa hancock"
        ]
    },
    {
        "question": "Quem entregou o Chapéu de Palha ao Luffy?",
        "answers": [
            "Shanks o Ruivo",
            "Ruivo",
            "Shanks",
            "shanks",
            "ruivo"
        ]
    },
    {
        "question": "O que o Franky é?",
        "answers": [
            "Cyborg",
            "Ciborgue",
            "cyborg"
        ]
    },
    {
        "question": "Quem é o Irmão mais velho de Luffy?",
        "answers": [
            "Portgas D. Ace",
            "Ace",
            "ace"
        ]
    },
    {
        "question": "Qual foi o primeiro navio de Luffy?",
        "answers": [
            "Going Merry",
            "Merry",
            "going merry",
            "merry"
        ]
    },
    {
        "question": "Quem atirou na bandeira do governo mundial?",
        "answers": [
            "Usopp",
            "Sogeking",
            "usopp",
            "sogeking"
        ]
    },
    {
        "question": "Quem é o imediato da tripulação de Shanks?",
        "answers": [
            "Benn Beckman",
            "Beckman",
            "beckman",
            "benn beckman"
        ]
    },
    {
        "question": "Quem é o líder do grupo dos revolucionários",
        "answers": [
            "Monkey D. Dragon",
            "Dragon",
            "Pai do Luffy",
            "pai do luffy",
            "dragon"
        ]
    },
    {
        "question": "Qual foi a primeira recompensa de Zoro?",
        "answers": [
            "60 milhões",
            "60.000.000",
            "60mi Berries"
        ]
    },
    {
        "question": "Qual é o nome da fruta do Katakuri?",
        "answers": [
            "Mochi Mochi no Mi",
            "mochi mochi no mi"
        ]
    },
    {
        "question": "Qual é o mar conhecido por ter todas as espécies de peixe do mundo?",
        "answers": [
            "all blue",
            "All blue"
        ]
    },
    {
        "question": "Quais são os 3 tipos de Akuma no Mi?",
        "answers": [
            "Paramecia, Zoan, Logia",
            "Paramecia, Logia, Zoan",
            "Zoan, Paramecia, Logia",
            "Zoan, Logia, Paramecia",
            "Logia, Zoan, Paramecia",
            "Logia, Paramecia, Zoan"
        ]
    },
    {
        "question": "Qual era a fruta do Deus Enel?",
        "answers": [
            "Goro Goro no MI",
            "Fruta do Raio",
            "goro goro no mi",
            "fruta do raio"
        ]
    }
]